Date,Burlington,Los Angeles,Portland,Miami,Salt Lake City,Nashville,New York City,San Antonio,Indianapolis,Minneapolis,Atlanta,Green Bay,Missoula,Fairbanks,Boston,San Francisco
197101,12.7,53.9,40.5,67.6,32.8,35.3,25.7,55.3,23.2,6.7,44.3,7.1,26.4,-31.7,22.7,49.6
197102,22.9,55,42.9,69.6,35.7,38.4,33.8,56.7,28.8,17.3,45.7,15.3,32.4,-4.6,29.3,51.3
197103,27,55.1,43.8,69.6,40.8,44.3,39,63.9,37.5,28.3,48.9,26,35.7,-0.4,35.6,53.4
197104,40.2,57.1,49.7,74,48.8,57.7,49.9,68.6,51.4,47.2,62.2,43.8,45,26.7,44,54.2
197105,57.4,59.7,56.9,79.4,57.7,63,60.6,77.4,59.5,55.7,68.1,53.2,54.7,47.3,54.6,57.7
197106,67.3,63,60.3,81.8,68.6,77.3,73.6,82.9,76.4,71.7,78.6,70,58.5,63.3,68,61.4
197107,71.3,67.8,68.9,82.5,77.6,76.6,77.2,85.2,73.1,69,77.7,67.9,67.2,61,72.3,62
197108,69.4,72.6,71.4,82.4,77.6,76.1,75.2,80.7,71.8,69.7,78.1,65.4,71.7,56.1,72.3,66.5
197109,65.8,69.2,60.6,81.1,60.6,74.2,70.6,79.3,69.9,63,75.1,62.4,52.1,44.7,66.8,67.4
197110,56.2,63.3,52.1,79.3,47.9,66.5,61.8,73.1,62.2,51.7,68.2,54.8,42.4,27.9,58.7,58.3
197111,35.9,57.6,45.2,73.9,38,49.6,43.9,62.4,42.8,33,52.1,34.9,33.9,0.5,42,54.4
197112,26.7,51.1,40.1,74,27.4,49,40,56.5,38.5,18.6,53.7,23.6,21.3,-5.8,35.2,47.4
197201,23.5,52.3,38.9,72.8,30.2,41.5,34.1,52.1,26.3,5.7,48.2,10.4,20.8,-16.3,31.9,46.9
197202,19.3,55.2,43.6,68.2,38.6,41.6,30.5,56,28.4,10.7,44,14.5,28.3,-10,28.5,53.3
197203,27.1,58.1,49.5,71.8,47.3,49.9,38.9,65.5,39.9,26.7,53.8,24.5,40.8,-2.7,35.2,56.6
197204,38,59.8,47.8,75.2,48.7,60.2,49.6,73,52,42.2,62.7,39.5,42.8,20.8,43.8,56.6
197205,58.5,62.4,59.9,78,61.6,67.1,62.8,73.5,65.1,61.5,67.9,58.9,54.5,47.4,56.5,58.9
197206,65.5,65.4,63.8,80.4,73,72.7,67.5,80.5,69.2,66.3,73.6,63.2,62.2,59.3,64.3,62.1
197207,71.9,68.7,70.6,81.4,78.3,77,76.8,81.8,75,68.7,78.1,68.4,65.1,64.5,72.6,65.6
197208,67.6,71.1,71.5,82.1,76.5,76.9,75.1,82.2,73.3,70.1,79.1,67.6,66.6,58.8,70.4,65.2
197209,61.1,68.1,60.9,80.9,64.7,75.5,68.9,81.5,68.4,58.1,76.1,57.7,51.6,40.1,64.6,63.8
197210,44.8,64.7,52.8,78.2,53.9,59.9,52.7,70.9,51.2,44,62.5,45,42.7,26.8,50.7,62.2
197211,34.5,58.5,48,73.4,-99,47,43.1,52.9,39.1,32.9,51,33.8,33.8,7,41.2,54.5
197212,24.9,55.1,37.2,70.7,23.3,42.5,37.8,48.1,31.5,11.5,49.7,17.1,19.5,-2.5,31.9,46.2
197301,23.9,52.9,38.7,70,20,37.7,34.6,45.6,30,17.6,42.8,21,21.7,-18.2,30.3,49.2
197302,16.9,56.8,44.7,65.1,32.4,39.4,31.5,50.8,31,21.8,44.2,21.8,31.1,-1.5,29,54.2
197303,39.5,53.8,47.6,74.2,40.9,56.5,45.6,63.8,49.1,40.4,58.8,38.8,39.1,11.9,42.2,52.6
197304,47,58.4,52,75.8,48.1,56.1,52.8,64.3,51.2,44.6,58.9,42.8,43.3,35.3,48.8,58
197305,56,60.7,59.1,80,62,63.9,59,74.3,59.7,55.5,66.4,51.6,53.5,50.6,55.9,60
197306,69.3,65,63.7,81.9,69.9,75.8,73.1,78.9,73.6,69.8,77,67.2,60.2,60.3,68.9,64.8
197307,73,66.3,70,82.3,77.6,78.4,77,83.3,76.4,74,80.3,71.2,69.8,62,73.1,63.3
197308,74.5,67.4,65.7,81.8,76.6,77.5,77.1,81.5,74.6,73.7,78.7,70.2,67.6,55,73.7,62
197309,60.9,65.9,64.2,82.3,62.8,75.1,68.9,79.1,69.9,60.3,76.9,59.5,56.6,47.3,63.2,64.8
197310,51.7,64,54.1,77.9,53.9,63.9,59.4,71.7,59.2,54.1,66,53.9,45.4,25.1,54.5,62
197311,38.1,57.8,43.9,76.2,41.3,52.8,47.1,65.4,45.7,34.5,57,34.3,30.4,-0.7,44.7,55.2
197312,29,56.7,44.4,66.9,34,40.9,38.2,51.7,30.5,16.9,45.6,21,30.5,-3.4,38.5,51.3
197401,20.3,52.6,37.8,74,28.5,44.7,34.3,49.5,31,12.2,54.7,17,21.4,-16.6,30.7,49.9
197402,17.2,55.8,42.7,68.7,31.5,42.5,30.7,55.7,31.9,17.1,47.2,17.2,32.1,-17.8,28,50.9
197403,30.8,54.9,46.9,75.2,46.2,55.4,41.3,67.5,45,29.8,59.2,29.9,35.6,7.5,37.6,54.7
197404,46,58,51.1,76.4,49.4,59.5,54.6,69.6,54.9,47.3,62.5,45.6,46.1,34.9,49.7,56
197405,52.8,61.2,55.5,80.3,61.1,69.2,60.5,77.2,62.2,54.6,72.4,51.8,48.7,51.4,53.6,57.4
197406,68,65,64.1,82.6,73.8,71,68.7,79.3,69,65.8,73.9,61.6,65.2,58.7,63.7,61.6
197407,71.7,68.9,66.8,83.1,79.6,77.6,76.9,82.9,76.4,76.9,79.3,70.3,68.3,63.5,71.3,64.3
197408,70.6,67.9,68.6,84.4,74.2,77.3,75.9,81.1,72,67.6,78.1,66.4,65.3,59.1,70.9,65
197409,59.8,67.3,67.1,84.5,66.6,67.3,66,72.2,60.7,55.5,71.6,54.4,57.3,51.4,62.5,63.7
197410,44.9,64.3,54.9,78.4,54.3,58,53.3,68.1,52.3,50,62.7,46,46.5,21.4,48.5,63.3
197411,37.7,61,47.9,72.9,43.1,49.7,47,57.2,41.7,33.9,53.8,34.5,34.9,0.5,43.1,55.1
197412,30,54.1,43.9,68.9,31.6,41,38.6,50.8,32.5,24.6,46.1,24.6,28,-11.2,35.5,49.9
197501,25.2,55.1,41.2,72.4,27.1,42.1,36.4,53.1,31.3,14.7,48.9,20.4,22.9,-15.4,32.7,48.7
197502,22.3,53.9,40.9,72.8,35.6,43.1,34.8,53.4,31.5,15.8,48.9,18.6,22.6,-3.4,29.8,52.1
197503,29.6,54.1,44.7,73,40.8,45.5,39.3,61.4,36.5,22.3,52.2,24.3,33.2,12.6,34.6,52.7
197504,38.6,55,47.1,77.8,44.1,57.2,47.3,68.3,48.8,39.1,61.6,39,39.5,30.5,42.9,51.9
197505,63.8,59.4,57.2,79.8,54.7,70.3,65.3,73.4,65.7,61.1,72.8,60.1,49.4,53.5,59.2,59.7
197506,67.9,62.8,61.6,82.1,65.2,75.3,70.4,79.9,71.8,69,77,65.4,55.6,63.4,65.3,61.1
197507,76.2,67.2,68.8,81.6,79.3,77.9,75.7,80.8,73.9,76.5,78.2,71.1,72,68.4,73.7,63.1
197508,70.7,66.6,65.1,83,73.4,79.1,74.1,81.6,76.3,71.9,79.7,68.2,62.3,56,70.7,64.3
197509,59.6,68.5,65.5,82.5,65.4,67.3,63.8,75.9,62.7,57.9,72.1,54.7,56.2,45.8,61.6,62.7
197510,51.9,63.8,53.3,79.5,53,61.4,58.6,71,55.7,53,65.1,49.9,43.8,23.8,55,60.1
197511,43.6,58.9,45.7,72.3,37,50.9,51.4,60.2,45.6,37.7,55.8,39.3,30.5,-8,49.6,53.5
197512,21.7,56,42.4,68.9,32.7,41.3,35.3,53,32.4,21.6,45.1,21.3,25.9,-16,32.1,50.6
197601,12.6,58.3,42,64.4,27.6,36.5,26.6,49.5,23.2,11.8,40.3,13,28.2,-11.5,23.9,49.8
197602,26.1,56.2,41.9,68.6,34.1,50.2,39.1,61.1,38.4,28,53.3,26,31.9,-13.6,35.1,51.8
197603,35,56.7,44.8,75.4,37.8,55.6,43.8,63.7,46.3,31.7,58.2,30.9,35,12,38.9,52.3
197604,49,56.3,50.6,75.3,49.2,59.6,54.7,68.8,53.3,52,63.4,45.9,46.5,36,52.8,54.6
197605,56.3,61.6,57,78.9,62.6,63.7,60,71.2,59,59.1,67.2,52.3,55.6,47.8,58,59.6
197606,70.7,66.3,60.8,79.7,68,73,73.1,79.7,71.7,71.9,75.6,68.2,57.5,59.6,71.1,64.4
197607,70.1,68.4,67.6,83.7,79.2,76.2,74.7,79.7,74.3,76.3,78.2,71.9,67.5,61.8,70.7,63.8
197608,67.3,67.6,65.9,82.3,72.3,74.1,74.1,81.5,71.4,73.5,77.7,67.1,63.8,59.1,69.7,65.6
197609,58.5,68.7,64.6,80.9,66.5,66.5,66.2,77.5,63.7,62,71.6,57.8,58,45.4,62.6,64.5
197610,45.2,67.5,55,76.7,50.7,53.6,52.3,61,48.4,44.8,58,43.4,44.5,23.9,50.1,62.6
197611,34.5,64.3,47.3,71.5,42.7,40.6,40.7,52,33.9,28.5,46,26.5,32.9,15.9,39.7,58.3
197612,17.9,58.4,40.5,68.1,29.2,36.3,29.4,49.8,24.2,13.8,41.6,9.3,25.1,-3.9,26.8,50.1
197701,12.6,55.9,36.7,60.8,27.4,24.2,21.4,44,9.6,0.5,31.1,3.3,19.2,9.7,21,48.3
197702,22,58.9,45.7,65.8,37.1,40.3,32.6,52.7,27.9,23,43.8,20.2,32.5,8.6,28.5,54.5
197703,39.2,54.4,46.5,74.6,38.3,53.6,45.7,61.7,46.8,37.8,57.7,37.1,34.8,4.6,42.5,52.1
197704,46.9,59.4,53.9,75.1,54.8,62.7,53.2,66.8,56.7,53.2,65.9,48.3,47.5,27.8,49.1,56.8
197705,61.6,59.5,54.8,77.5,55.1,71.7,64,74.8,69.4,67.2,72.6,63.5,50.9,48.7,60.4,57.1
197706,66.3,63.4,65,82.2,75.2,76.9,69,81.4,70.5,68.6,79.3,63.8,64,59.6,65.2,61.6
197707,71.2,66.9,67.3,84.1,78.3,82,77.1,84.8,78.8,75.1,82,73.5,66.1,62.8,72.7,63.7
197708,69,69.2,72.7,83.7,75.8,79.3,75.2,84.6,73.9,66.4,80,65.6,67.9,62.6,71.2,65.3
197709,60.3,67,61.8,83.5,66.1,73.7,66.9,82.3,68.8,60.7,75.6,59.6,54.8,45.6,62.2,64.8
197710,48.1,64.6,54.8,76.9,55.2,56.7,54.2,71.1,51.7,47.3,61.4,47.4,44.4,25.6,53.1,61.8
197711,41.6,63.1,44.8,74.1,42.5,50.5,47,61.3,43.9,31.1,56.1,33.5,31.6,-7.6,45.9,56.6
197712,23.9,59.3,43.3,68.9,37.7,38.3,33.6,53.2,27,14.6,43.9,18.1,24.8,-14.9,32,53.6
197801,16.7,56.9,41.8,63.6,36.8,27.3,27,43.3,17.6,5.5,35.4,11.5,24.4,0.1,26.2,53.8
197802,11.1,56.6,46.5,62.9,39.3,28.9,26.5,46.3,15.7,11.6,41.1,11.3,27.6,3.8,24.8,54.1
197803,27.6,60.4,50.3,68.6,48.2,46.6,38.6,59.5,34,29.9,53.4,25.4,40.1,14,33.9,58.3
197804,40.3,57.5,51.4,74.2,50.7,60.8,50.7,68.8,52.3,45.2,63.3,40.5,46.3,34.8,46.6,56.2
197805,61.6,63.8,56.3,79.6,56.3,66.4,59.6,77,60.7,61.8,69.3,57.3,48.6,50.2,57.5,61.6
197806,65.4,65.9,66.8,82.5,70.1,75.9,70.2,82.6,72,67.7,78,63.7,59.9,54.6,66.4,61.6
197807,71,66.1,69.2,83,79.1,80.2,74.1,86,75.5,71.1,80.4,67.5,65.5,63.4,70.7,62.7
197808,69.8,68.1,68.6,83,74.1,78.5,75.8,82.2,73.2,72.1,79.7,68.4,63.8,59.4,70.2,64.5
197809,56.7,72,62,82.4,63.7,75.2,65,77.7,70.4,67.2,76.2,62.3,55.4,46.7,60.1,67
197810,47.9,66.7,56.2,79.1,56.5,57.1,54.9,68.5,52.8,49.7,63.8,47,45.6,23.3,51.1,62.4
197811,36.4,57.3,41.8,75.7,37.9,53.3,47.2,61.6,45.8,32.4,59.1,32.9,27,8.5,42.2,53.7
197812,26.7,52.6,37.5,72.9,26.8,42.1,37,50.9,34.4,15.1,46.3,18.2,16.2,3.2,33.9,47.3
197901,19.6,52.9,31.7,64.7,22.4,29.4,30.9,42.9,18,3.1,38.4,5.8,5.8,-7.7,31.1,48.7
197902,9,52.5,42.7,64.6,32.9,33.1,22.9,51.7,18.9,9.9,42.9,8.9,25.8,-25.3,21.7,51.6
197903,38.4,55.8,50.6,68.9,43.1,50.4,44.5,62.6,43.5,28.8,56.6,28.7,36.2,12,41.1,55.7
197904,45,58.5,52.8,78,50.4,57.5,50.9,68.9,49.9,43.9,63.2,41.6,44.2,30.9,47.3,56.8
197905,60,61.9,59.9,81.1,60.9,66,62.9,73.1,61.2,55.4,70.5,52.3,52.5,49.8,59.8,61.7
197906,66.9,67.5,64.8,82.5,71.1,73.4,68.1,80.1,71.2,67.2,75.4,64.5,62.5,57.4,66.8,62.3
197907,73.7,66.7,70.3,83.7,78.5,77.3,75.9,83.9,73,73.6,78,70.4,69.5,61.3,73.1,65.1
197908,67.5,69.3,68.4,82.5,75.7,76.8,74.7,82.3,72.4,69.8,79.2,66.4,69.4,60.4,70.3,65
197909,60.1,72.1,66.1,81.2,71,70.2,67.4,77.9,65,63.3,72.9,59.9,61.6,46.5,63.5,68.6
197910,49.7,64.4,57.9,78.2,56.3,60,54.7,73.9,53.2,46.5,62.3,45.7,48.4,32.4,51.3,63.9
197911,42.8,59.4,44.8,75.4,35.7,48.3,49.8,57.4,41.4,31.7,54.7,33.7,27.4,20.1,47.2,55.3
197912,30.3,58.9,44.2,70.1,32.6,41.2,38.3,54.6,35,25.9,46.1,27.6,31.4,-10.2,35.3,52.1
198001,22.5,58,34.9,67.3,33.6,39.5,31.8,51.8,28.6,15.2,45.1,17.6,16.6,-9.5,28.1,51.8
198002,18.9,59.6,42.3,63.8,37.9,35.4,29.5,52.8,22.6,15.2,42.1,17.2,29.9,15.9,26.5,55.7
198003,32.3,56.6,46.1,72.8,41.2,46,39.4,60.7,36.1,27.2,51.9,27.1,34.8,17.3,35.5,54.3
198004,47.8,58.9,53.6,75.6,53.3,57.1,53.1,66.8,49.2,49.2,61.7,45,50.1,35.9,47.4,57.1
198005,60.2,58.4,57.1,79.4,57.2,67.6,63.9,75.3,64.1,61.4,70.5,58.2,54.9,50.6,58,57.6
198006,65.6,64,60.5,81.9,68.2,75.2,68.6,84.3,69.2,67.6,77.8,62.7,58.9,56.5,65,61.2
198007,71.9,67,68.7,83.1,78.4,82.5,77.9,87.3,78.6,75.1,83.3,70.8,65.8,60.9,74.4,64.3
198008,72,69.2,66.2,83.7,74.9,81.4,78.5,84.5,76.8,70.6,83,69.3,62.1,53.7,72.8,62.8
198009,59.1,65.4,63.6,82.1,67,75.7,69.6,82.9,68,59.4,78,59.2,57.3,42.9,65.6,64.5
198010,46.3,64.5,55.8,79.8,53.4,57.5,54.8,69.9,51,45.1,61.4,43.6,45.6,32.9,51,62.4
198011,33.5,60.8,48.3,73.7,42.1,48.3,43,57.5,40.4,36.6,51.8,35.1,34.5,11.5,39.9,56.9
198012,16.3,58.5,43.8,66.6,34.4,40.7,30.8,54.2,31.9,19.7,45.2,19.8,30.7,-24,27.2,52
198101,10.2,57.8,43.6,59.3,32.8,35.2,24.6,50,23.6,17.9,39.2,15.4,29.8,18.1,20.1,52.3
198102,34.2,58.9,43.8,69.2,39,42.3,37.7,52.9,33.1,23.3,46.7,23.1,31.7,5.1,35,55.3
198103,34.7,56.4,48.6,69.8,44.9,47.2,40.6,59.8,40,37.7,52.3,34.8,40.3,27.1,37.7,54.5
198104,48,59.5,52.3,77.5,54.1,63.7,54.6,72.1,57.4,49,67.3,45.8,47,31.4,50.3,57.4
198105,59.5,63.1,57.3,79.3,58.4,63.9,63.2,74.5,60,57,67.7,53.7,53.6,51.3,59.1,60.3
198106,67.4,70.2,61.5,83.5,70.3,77.3,71.4,80.7,73.3,67,81.1,65.7,57.8,58.9,69.3,66.3
198107,72.4,70,67.3,84.7,78.9,79.5,76.9,83.4,75.5,70.8,81.8,69.5,65.3,56.5,73.2,62.9
198108,68.4,69.7,71.9,82.9,78.7,76.4,74.4,83.9,72.9,69.3,77.8,68.3,69.6,53.6,70.7,64.2
198109,60.6,67.9,64.7,80.9,69.3,67.8,66,78.1,64.7,60,72.4,56.9,56.9,44,62.3,64
198110,46.1,63.6,53.1,79.4,51.2,60.2,52.9,71.8,53.2,46.6,61.7,45.1,41.9,29.5,49.8,59.8
198111,38.2,60.4,48.6,71.2,45.1,49.6,46.1,62.3,44.3,37.9,54.1,37,33,12.3,42.5,57.6
198112,26.6,57.7,42.5,67.5,37.1,38,34.9,53.7,27.9,17.5,40.3,23,24.2,-4.2,31.8,53.5
198201,10.9,52.9,39.4,67.6,30.5,33.7,24.5,51.5,20.2,2.3,39.7,6.9,21.5,-18,21.5,46.4
198202,20.4,57.4,43.3,74.1,33.1,39.2,33.8,50.3,26.5,15.7,48.6,15.9,22.9,-3.8,29.5,53
198203,31.6,55.9,48.3,74.4,44,52.3,40.3,63.7,42.6,29,57.7,28.5,38.6,13,37.3,52.6
198204,44.7,58.5,48.8,77.6,47.3,54.3,49.6,67.6,48.7,43.8,59.6,40.4,41.8,27.7,46.8,55.9
198205,58.6,60.9,57.4,76.9,57.5,70.7,62.5,75.2,68.7,62.4,73.8,61,51.3,46.8,56.4,58.7
198206,62,61.9,65.7,81.8,68.8,73,67,82.3,67.9,63.6,77.5,59.4,61.5,58.5,61.9,60.9
198207,70.8,67.7,67.2,84,76.2,79.6,76.3,86.2,76.3,75.6,80.3,70.9,64.9,63.1,73.5,63.5
198208,67.2,69.7,68.4,83.8,79.2,75.8,71.5,86.6,71.8,71.7,78.7,65.2,66.3,56.6,68.9,65
198209,63.6,69.9,63,82.4,64.8,69.4,66.7,80.7,64.5,60.9,71.7,57.7,56.4,49.3,62.7,65.5
198210,51.4,67.5,54.7,77.6,49.6,60.9,57,70,55.8,50.3,64,49.4,45.3,18.5,52.8,63
198211,43.6,59.5,44.2,74.7,38.9,51.2,48.8,60,44.3,31.5,54.9,33.4,29.3,4.4,46.3,53.4
198212,33.1,54.7,41.5,72.4,30.7,47.9,41.2,53.1,40.3,25.6,51.1,28.1,23,2.2,38.2,50.5
198301,22.3,57.2,44.2,66.9,35.9,38.6,32.9,49.6,30.7,19.5,41.6,21.5,30.2,-11,29.9,49.1
198302,23.6,55.7,47,68,40.2,42.4,34.8,52.7,35.6,26.9,45.6,26.4,34.8,3.3,31.4,55.1
198303,34.3,56.1,50.5,68.1,45.4,50,42.6,59.4,43,34.1,52.5,31.2,40.2,13.8,39.2,55.4
198304,43.6,57.5,52.5,72.4,46.6,54.2,50.9,65.9,48.3,42.2,57.6,40.6,44.8,37.3,47.7,55.8
198305,54.2,61.4,60.2,78.8,56.6,64.5,58.8,74.3,58.3,54.6,69,48.9,52.1,50.4,56.8,59.7
198306,67.6,64.2,62.5,82.4,68.4,75.2,72,79.9,71.9,67.9,75.2,64.7,58.9,62.3,69.4,63.5
198307,72.6,68.5,66.3,85.6,77.3,80.3,78.2,83.6,79.8,77.1,82.6,73,62.4,64.1,76.6,66.3
198308,69.8,72.4,68.9,83.8,77.7,82.9,76.4,85.2,80.2,76.7,82.5,70.9,69.2,53.5,72.3,68.1
198309,64.2,71.2,61.4,82.1,67.7,73.5,70.4,79.1,69.5,63.1,72,59.9,51.4,41.2,69.2,69.5
198310,49.5,68.4,54.1,78.9,55.8,62.1,56.5,71.5,57.5,48.8,63.3,48.6,44.1,23.6,54.2,65.7
198311,39.3,59.8,49.1,73,42.9,49.6,47.5,63.2,44.2,34.4,52.7,36.7,34.6,8.5,45.3,56.8
198312,23.7,55.9,36.1,70.3,31.7,33.7,33.8,43.7,20.3,4.1,41.1,10.7,12.1,-3.6,31.4,54.6
198401,17.7,57.1,42,67.5,23.7,31.9,28.5,47.3,22.9,12.4,40.8,12.8,25.6,-5.9,26,52.6
198402,30,57.4,45.1,69.1,25.6,43.1,39.3,54.8,37.4,27.9,48.7,28.4,32.4,-13.3,36.8,54.2
198403,23.2,60.1,51,71,40,45.9,35.3,64.9,33,25.2,52.9,25.4,40,21.6,31.1,58.3
198404,46,60.2,49.8,73.7,48.3,57.9,50.5,70.3,50.1,47.6,59.3,44.6,44,30.2,45.3,57.3
198405,53.6,64.9,56.3,77.6,61.5,63.9,60.3,77.7,58.9,56.4,68.6,51.9,49.6,47.1,57.3,63.1
198406,67.3,65.9,61.3,80.4,67.1,77.1,73.1,83.4,75.4,70.2,79.5,67.5,57,61.6,69.8,62.5
198407,71.5,70.1,69,82.4,78.4,75.8,73.3,85.6,72.5,72.6,78,68.7,67.5,60.9,74,66.9
198408,72.3,71.9,68.2,83.2,77,76.2,75.3,85.4,74.3,73.9,78.7,69.6,68.6,53.7,73.9,65.7
198409,58.5,75.3,62.5,80.6,66.3,68.3,64.6,78.3,64.3,57.6,72.5,57.6,53,46.8,61.4,71
198410,51.3,64.4,52.7,78.7,49.3,66.4,60.4,71.9,61.4,51.2,71,51.1,42.7,25.9,52.6,61.6
198411,39.7,57.5,46.2,72.1,42.5,45.7,45.9,59.4,43.1,33.7,51.8,34.9,34.2,0.1,43.8,55.1
198412,31.6,54.1,37.9,71.6,29.7,49.4,42.4,60.3,38.9,18.4,54.9,24.2,20.4,-3.1,38.8,49
198501,14.7,54.3,36.8,62.7,24,27.5,27.5,44.9,20.5,10.5,37.5,12.3,19.5,11,23.6,47.7
198502,23.8,55.4,40.3,69,25.4,36.2,35.2,51.2,26.2,16.9,45.4,17.7,23.9,-9.4,32.1,52.9
198503,32.9,54.1,45,73.1,40.7,52.9,44.4,64.7,44.7,36,58,34.3,36.5,14.5,39.7,52.6
198504,45.6,59.5,53.4,74.7,55.6,61.7,54.1,70,57.2,52.5,65.2,47.7,47.9,20.7,48.5,60.3
198505,57,59.9,58.4,79.7,63.7,68.1,64.3,76.7,65,62.6,71,58.6,55.6,46.7,58.6,59.9
198506,63,64.9,64.3,82.9,72.3,75.4,68,80.3,70.7,64.3,78.7,62.5,62.3,57.8,64.1,66.5
198507,70.9,70.2,73,81.6,80.5,80,75.8,82.3,74.4,74.3,79,69.2,75.1,63.1,72.8,66.1
198508,68.8,68.7,68.2,83,76.3,77,74.6,85.6,71.3,68.1,78.2,66.2,62.8,56.3,69.6,65
198509,61.6,67.5,60.9,81.2,62.5,70.5,69.3,79.4,66.3,60.4,72.4,60.7,51.2,42.9,64.7,63.2
198510,50.3,65.9,53,81,53,64.1,58.2,71.8,57.7,48,67.9,48.1,41,18.8,54.7,61.7
198511,38.1,57.4,37.5,76.2,37.3,56.6,49.5,64.5,46.7,25.2,62.7,30.7,22.4,-4.7,44.7,53
198512,22.7,58,33.3,66.5,27.6,33.9,33.1,50,22.6,8.1,42.2,9.2,15.4,7.6,30.6,48.5
198601,19.8,61.1,42.8,65.7,29.7,37,33,53.5,28.6,17.9,42.8,16.5,26.7,-2.1,30.7,55.4
198602,17.5,57.5,43.9,69.9,42.1,44.5,31.4,58.1,31.4,16.1,50.9,17.9,29.3,4.7,28.1,56.9
198603,34.9,58.1,51.5,69.2,48.4,50.5,43.6,63,44,34.3,55,32.3,42.4,6,40,58.3
198604,49.8,60.5,50.5,72.2,49.5,60.5,53.1,72.7,53.9,50,64.3,47.9,44.2,24,47.7,57.9
198605,59.6,62.2,57.9,78,57.9,68.3,65.2,74,63.6,59.8,71.2,57.5,55,47.8,57.7,59.8
198606,63.6,65.1,66.6,81.8,74.2,76.3,70.7,80.9,73,69.1,80.2,63.8,66.2,62.6,65.3,64.2
198607,69.8,67.3,65.6,83.6,74.9,82.2,75.1,85.2,77.6,74.3,84.1,71.3,63.2,63.6,70.3,64.5
198608,67.4,67.7,72.6,83.4,78.6,76.4,72.2,85.1,70.2,67.5,78.8,64.1,70.2,54.7,69.8,63.7
198609,59.4,64.6,61.8,83,60.9,74.6,67,83.1,69.9,60.3,75.1,59.1,53.7,46.2,62.5,62.2
198610,48.2,65.2,57.3,80.3,52,60.7,57.1,69.1,55.6,49.6,64.7,47.8,45.4,27.1,53.3,62.5
198611,35.8,63.8,48,79.3,41.6,49.6,44.8,58.7,39.8,28.6,58.4,29.5,32.4,0.2,41.6,58
198612,29.1,57.2,40.8,73.2,30.5,39.6,38.1,51,32.4,25.1,45.5,24.6,22,7.3,34.8,51.2
198701,19.4,53.8,39.9,66.7,27.2,35.8,31.4,50.1,27.7,21.7,42.7,21.4,21.2,0.6,28.2,50.2
198702,16.3,57.2,45.5,71.1,36.8,42.8,32.3,55.3,35.6,32.1,46.3,27.7,31.3,1.4,28.4,54.2
198703,34.6,57.8,49,71.5,43.4,51.6,44.3,57.2,44.6,39.1,53.7,34.9,38.7,13.4,37.8,55.7
198704,49.9,62,54.5,70.7,56.6,57.4,52.5,65.5,52.6,54,60.6,48.8,50.8,35,44.4,60.1
198705,56.8,63.1,60.7,78.3,63.4,73.1,62.7,75.2,68.2,63.9,73.5,58.7,56.6,50.9,56.5,62.4
198706,67.5,63.5,66.8,83.8,72.3,77.3,72,79.9,73.7,73.2,78.1,68.8,63.6,61.9,64.4,63.2
198707,72.8,65.1,67.5,83.9,76.3,80,77.1,83.2,75.8,76.4,81.3,72.8,65.4,64.2,71,63.9
198708,68,66.5,70.8,85.1,75.4,80.8,73.3,85.4,73.7,69.4,82.2,67.4,62.9,57.7,69.6,65.9
198709,60.9,68.4,65.8,83.2,67.2,71.9,66.9,78.7,68.2,62.9,74.4,60.9,60,44.1,64.7,64.8
198710,47.2,67.8,58.5,77.3,57.1,54.3,52.9,70.6,48.6,45,60,42.9,45.9,32.9,53.6,64.8
198711,38.3,60.7,49.1,74.9,41.5,52.1,46.9,60,46.4,38.3,56,37.5,34.8,6,43.1,57.8
198712,29.9,52.7,39.3,69.5,31.2,43.8,38.7,53.6,35.9,25.4,49.1,26.9,24.9,-3.1,35.4,51.3
198801,21.2,55.5,39.3,67.5,25.7,34.1,28.6,47,26,10.8,39.5,12.3,21.2,-5.3,27.1,51.4
198802,22.6,59.4,45,67.3,35.4,38.4,34.1,53.7,27.3,14.3,45.8,14.7,33.1,3.9,31.4,55.4
198803,31,61.3,47.5,70.4,42.1,49,42.7,60.7,41.5,34.1,55.1,31.9,38.9,17.8,38.5,57.3
198804,45.6,60.1,52.4,75.7,52.7,56.9,50.3,68.5,52,47.8,63.2,43.8,48.4,33.6,46.1,58.9
198805,59.1,61.8,56.7,77.6,60.2,66.4,61.8,75.5,64.5,65.8,70.2,59.5,52.8,52.8,56.9,60.3
198806,64.7,62.4,62.7,81.6,76.4,76.5,70.9,80.6,73.5,74.9,78.9,68.1,64.6,62.9,67.8,63.3
198807,74.5,68,68.7,82.8,81.6,80.5,78.5,84,78.4,78.5,80.8,73.2,67.7,65.8,73,65.6
198808,72,67.1,68.2,83.2,77.2,81.1,77.9,85.8,77.6,74.4,81.2,72.1,67,58.3,74.8,65.8
198809,59.5,66.5,64.3,83.6,64.5,71.9,66.6,80.2,67.4,62.8,73.6,60.8,57,44.3,63.9,64
198810,45.7,64.9,58.6,78.7,60.7,53.4,51.9,72.6,48.3,44.4,59.6,42.2,51,17.3,50.1,62.3
198811,40.9,58.9,47.8,76.5,41.8,50.3,48.5,64.5,44.3,33.1,55.3,36.9,35,-3.1,46,57.4
198812,24.2,55.3,42.3,70.2,28.8,41.6,35,55.4,31.8,21,46.9,20.5,23.6,4.2,32.1,51.3
198901,25,54.2,42.6,72.3,23,44,36.5,55.6,36.4,21.6,49.9,25.3,27.4,-21.2,33.8,49.1
198902,20.9,53.7,36.3,70.4,26,38.1,33.6,51,27.3,9,47.8,12.8,16.4,3.4,29.8,49.3
198903,29.7,57.7,45.9,73.3,46.5,51.8,41.5,61.3,42.6,27,57.1,25.1,33.2,6.7,36.6,55.7
198904,42.9,63.6,56.3,76.7,55.5,58.4,51.3,69.7,51.5,45.7,63.1,41.7,45.4,36.2,45.2,61.6
198905,60.9,61.3,58.3,80.7,60.6,64.9,61.2,81.1,59.5,57.9,69.1,54.6,53,47.8,58.6,60.7
198906,68.5,64,64.5,82.3,69.9,73.8,71.2,82.7,71.5,68.8,77.1,63.2,62.2,60.1,67.1,63.5
198907,73,68.2,65.8,83,81.8,78.3,74,86,75.8,76.8,80.1,70.7,71.9,64.6,72.1,63.7
198908,69,66.5,66.3,83.9,75.8,77.1,73.1,85.4,71.9,71.4,79.7,68.5,64,60.8,70.9,64.8
198909,62.7,67.1,65.6,83.7,67.1,69.6,67.2,78.4,64.5,61.6,73.2,58.8,56.6,48.6,64,62.3
198910,51.5,64.7,55.1,78.6,54,60.1,57.3,70.6,55.4,50.5,64.4,49.4,45.6,26.2,54.5,61.7
198911,37.7,63.9,48.8,75.8,41.2,50.6,44.8,61.2,41,28.6,54.6,30.7,37.9,-7.1,42,57.3
198912,8.8,59.3,40.6,64.6,32,28.7,25,42.8,18.9,11.2,39.4,10.8,24.7,4.4,21,50.9
199001,31.1,55.9,43.6,73.2,34.1,44.9,40.5,55.8,37.4,26.9,50.1,26.1,32.1,-12.9,35.7,50.7
199002,24.9,53.8,42.2,73.6,33.5,49,38.9,58.3,37.7,24.3,54.6,21.9,30.2,-21.7,33.4,50
199003,35,56.4,49.6,73.3,45.7,52.7,44.2,60.9,46.3,36.4,57.9,33.6,38.7,18.5,39.4,54.1
199004,47.5,61.3,54.8,74.9,55.6,57.5,52.6,69.1,51.5,47.4,62.2,47.3,48.5,38.1,46.9,59.3
199005,54.2,61.5,57,79.9,58.6,65.6,59.3,78.7,60.2,57,70.6,52.1,51.1,55,54.2,59.8
199006,67.2,66.3,63.8,82.7,72.7,77.3,71.3,86.8,71.4,70.1,78.8,65.6,60.5,61.6,65.9,63.2
199007,71.5,70.2,71.4,83.1,79.6,79.5,75.9,82.8,74,71.9,80.8,68.2,68.8,65.2,72.4,65.3
199008,71.1,68.5,71.2,83.3,76.8,78.7,74.4,84.7,72.6,71.3,80.8,67.2,66.7,60,72.6,67.1
199009,60.7,69.8,67.3,82.8,72.7,73.8,66.7,79.4,67,65,76,61.4,63.3,44.8,63.9,67.2
199010,50.8,68.4,54.1,80.1,54.7,59.3,61,68.8,54,48.8,64.7,46.8,43.4,24.1,57.6,64
199011,40.8,63,48.7,74,42.1,53.5,49.5,62.5,47.6,38.1,56.8,39.6,36.8,-4.8,47.8,56.9
199012,31.4,55.6,35,72.5,21.7,42.8,41.7,51.4,34.7,17.6,49.4,20.7,16.3,-6.2,40,47.3
199101,20.2,56,39.2,72.5,25.1,38.4,34,48.3,27,13.1,44.6,13.4,22.3,-4.6,28.7,50.9
199102,27.8,58.7,49.1,69.3,37.2,43,39.1,56,35.4,25.1,49.5,23.1,35.6,-1.1,35.3,56.1
199103,35.3,53.8,46.5,73.5,43.5,51.7,43.8,63.4,43.8,35,56.5,33.2,36.5,11.9,40.8,53.1
199104,50.4,59.8,51.1,78,48.6,62.9,54.8,71.8,55.4,49.7,66.1,47.4,44.5,35.4,50.6,56.6
199105,60.6,59.1,55,81.1,56.2,73.3,67.8,77.1,68.4,62.6,73.1,61,51.8,51.2,62.5,57.7
199106,67.2,62.7,60.2,82.6,69,77.3,73.2,82.2,74.7,73.5,77,68.8,57.5,63.8,69.3,60.3
199107,71.6,65.9,70.2,83.2,79.8,80.3,76.8,83.9,76.8,72.9,81.2,69.4,69.1,60.6,73.9,64.5
199108,71.8,67.8,70.3,84.2,79.1,77.9,76.2,85.3,75.3,71.8,79.5,69.5,70.3,54.4,73,65.2
199109,59.1,66.6,67.7,82.1,65,72,66.6,77.2,67.9,59.6,75,58.1,59,47.9,63,63.8
199110,51.7,66.1,55.7,78.6,54.3,60.9,57.5,72.7,57.6,47.8,64.9,47.8,45.1,24.9,55.7,63.6
199111,38.9,62.2,47.8,72.7,40.7,46.8,47.4,56.8,40.2,25.2,51.2,29.8,31.1,0.5,44.5,58.3
199112,25.3,57.5,43,71.8,30.7,44.2,38.7,55,35.8,21.8,49.4,24.1,27.2,-2.8,35.2,51.6
199201,19.9,57.2,44.8,67.1,26.3,39.7,34.9,50.2,31.6,22.5,45.4,22.6,27.3,-4.7,30.3,49.7
199202,20.4,59.6,48.4,70.1,39.9,45.6,35.5,58.5,38.5,28.7,52.1,26.7,37.1,-8.7,31.7,56.9
199203,27.8,58,52.6,71.5,50,49.8,39.1,62.8,43.3,33.7,54.3,30,44,14,34.7,58.3
199204,43.6,64.5,55.7,73.7,57.8,59.2,49.6,68.4,52.2,44.3,62.2,41.6,47.6,26.1,45.6,61.5
199205,57.8,64.9,63.4,77.4,66.2,65.5,60.1,73.1,60.6,61.2,68.4,56.2,57.1,41.8,54.8,64.2
199206,65.7,64.8,67.7,81.2,71.1,72.1,69.4,81.9,68.2,66.2,74.8,61.9,65.1,60,67,64.4
199207,67.4,70.3,70.5,84.5,76.1,79.6,73.3,84.1,73.6,66.4,80.5,64.5,64.8,64,68.7,66.7
199208,68.9,72.2,70.1,84,77.9,74.6,72,81.6,69.5,66.6,76.3,63.9,66.6,56.5,69.6,64.6
199209,61.5,69.5,62.5,82.9,67.2,70.6,66.3,81.1,65.2,60.2,73.5,58.1,55.4,31.7,63.2,66.1
199210,46.8,65.8,56.2,79.1,56.7,59.1,53.7,72.8,53.5,48,62.2,46.4,47.9,17.5,51.7,66.2
199211,38,62.5,46.5,76.4,34.8,49.1,45.6,56.7,43.3,32,51.8,32.4,31.8,10.3,42.1,57.7
199212,29.4,54.7,39.6,71.3,27.8,40.8,37,55.7,33.4,21.9,44.8,23.3,20.1,-7.6,34.1,50.6
199301,22.9,55,36.8,72.9,25.6,41.3,35.5,50.6,31.7,15.2,47.3,19.2,16,-3.8,31.7,50.1
199302,11.9,55.9,40.3,68.5,30.2,39,29.9,54.9,27.5,17.8,44.8,18.6,19.1,2.4,26.4,53.3
199303,28.7,59.3,48.2,71.1,46.1,46.8,38.8,60.9,39.2,30.1,50.6,29.8,39.2,17.2,35.7,58.3
199304,46.6,61.6,52.8,73.7,49.2,56.4,52.4,66.7,50.8,44.9,58.3,40,45.4,41.1,47.6,58.9
199305,57.8,64,61.4,78.8,64.1,67.3,64.8,73.3,63.5,57.9,70,55.9,59.5,53.7,59.6,63
199306,65.9,67.1,62.8,82.9,64.4,75.5,72.4,80.9,71,65.2,78.3,62.5,59,61.9,68.7,65.7
199307,73.5,68.4,64.6,84.2,70.6,82.9,79.3,85.5,77.4,71,84.3,70,60.1,65.6,74,65.6
199308,72.1,68.3,68.8,84.4,73.2,80.7,76.3,86.7,75.4,71.1,81,69.9,63.4,56.1,72.9,67.7
199309,60.4,67.9,65.9,82.7,66.1,70.7,66.4,80.6,62.3,55.6,75.7,55,55.7,44.1,64.1,63.9
199310,47.4,67.2,57.7,80.4,53.3,58.2,55.1,70.1,51.7,47.1,62.2,45.5,46.3,29.3,51.6,64.3
199311,38.1,62.4,41.8,75.5,35.5,47,47.9,56,42.3,31.2,52.7,33.4,27.2,8.4,44.9,57.2
199312,25.9,57.3,41.7,68.5,32.2,-99,36.4,54.8,32.5,22.8,44.2,24.9,27.8,0.6,33.5,51
199401,8.3,58,44.7,69,37.5,33.1,24.7,52.4,21.9,5,39.4,5.8,34,-1.5,21.5,52.4
199402,16.7,55.8,41.1,72.9,36,43.6,29.7,55.6,29.8,13.9,49,14.1,26.5,-6.4,26.2,51.5
199403,31.5,59.5,50.5,73.7,46.4,50.3,39.8,63.1,41.1,35.3,56.3,32.9,40.5,10.4,37.4,56.8
199404,45.8,59,54.5,78.9,52.7,62.2,54.8,68.3,54.4,46.5,66.5,43.8,48.3,34.6,50.7,57.8
199405,56,60.8,60.5,80.8,63.7,63.7,60.9,73.7,59.3,61.4,68.4,56.4,55.8,51.6,57.7,59.1
199406,69.9,67.1,62.2,83.2,75,77.7,74.3,82.5,74.6,70.5,79.3,67.2,60.1,58.4,71.2,62.5
199407,75.5,66.7,70.5,83.1,81.4,78.2,78.5,85.5,74.9,70.7,78,69.1,70.3,64.7,76.7,61.7
199408,67.6,73.5,69.2,82.6,80.1,76.7,73.1,84.2,71.2,68,78.1,65.2,71,59.6,71.7,65.4
199409,60.1,69.5,67,81.5,71.2,68.7,66.8,77.1,65.7,64.9,72.8,63,60.7,43.7,63.5,64.7
199410,50.2,65.7,53.5,79.3,52,60.6,57.1,71.7,56.5,52.8,63,50.5,45.4,21,54.8,61.4
199411,42.5,56.7,42.4,77.2,33.3,54.1,51.1,64,48.1,38.7,57.1,38.8,31.8,0.3,48.3,51.7
199412,30.2,56.4,42.4,71.9,32.3,45,41.3,56,38.9,25.1,49.3,29,24.2,-8.5,37.8,48.7
199501,27.7,55.6,43.9,66.4,35.6,38.2,36.7,53.3,28.4,17.7,45.2,20.7,25.2,-9.4,33.9,55
199502,19.5,60.5,46.7,67.2,43,40,30.7,57.3,30.3,19.1,45.3,19.9,34.7,-0.1,27.7,56.1
199503,35.7,58.9,48.3,73.4,44.8,53.1,44.1,60.7,45,35.1,57.8,33.9,38.2,3.8,38.1,54.8
199504,40.7,59.4,51.6,77,49.3,60.6,51,68.1,52.7,42.3,64.7,39.8,45.2,40.1,45.3,57
199505,56.6,59.1,60.9,82.6,56.2,68.1,61,76.2,60.8,57.2,73.3,55.3,53.6,53.5,56.5,58.1
199506,69.6,63.2,63.7,82.4,65,74.3,71,79,73,72.1,75.9,70.1,59.2,60.9,67.9,62.4
199507,74,67.1,70.3,83.8,76.7,80.5,78.1,84.2,77,74,83.2,72.4,66.9,63.1,75.2,66.3
199508,70.9,67.7,67.1,84,78.7,82.9,76.7,86,81.1,75.5,81.9,73.2,64.3,57.2,72.1,65.9
199509,58.1,69.5,67.3,82.9,68.3,70.4,67.3,79.7,65.3,60.7,72.5,57.6,58.2,52.8,62.4,65.4
199510,54.7,66.2,54.5,81,52.2,59.7,60.9,71,56,48.5,64.7,48.5,42.4,28,57.7,64.3
199511,35.1,61.7,51.6,73,46.8,43.7,43.6,59.6,37.7,26.7,49.1,27.1,36.8,-2.7,41.2,61
199512,20.7,57.7,42.6,67.6,37.8,39.2,32.4,55.5,28.5,18.5,44.6,18.2,27.4,-9,31,54.8
199601,17.6,57,42,67.5,33.7,36,30.5,50.8,25.4,9.6,42.9,13,22.6,-16.9,29.4,53.2
199602,22.6,57.1,41.7,66.2,31.5,40.3,33.9,57.7,31.3,17.9,47.1,17.4,25.5,-2.6,30.2,56.3
199603,29.8,58.9,48.7,69.8,46,44.3,38.9,56.9,35.3,25.7,49.6,25.1,34.8,15.5,35.8,57.4
199604,44.2,63,54.1,75.1,51.3,55.4,52.2,69.4,49.8,41.7,60.2,40,45.7,33.3,48.2,60
199605,55.7,64.7,55.4,80.8,60.6,71.1,61.1,81.4,61.4,56.1,73.8,52.2,48.5,49.1,57.6,61.6
199606,67.6,66.1,63.4,81.3,74.1,75.8,71.4,83.4,72,69.3,77.1,65.5,60.5,59.4,68.4,64.4
199607,69.9,68.3,71.9,84.6,81.2,77.8,73.3,86.8,73.3,71.7,80.3,66.9,69.2,63.4,72.1,65.3
199608,70.2,72.1,69.9,83.2,78.5,77.7,74.4,84.8,75.4,72.1,78.8,69,65.1,53.4,71.2,65.7
199609,63.3,67.9,61.8,83.3,65.4,69.6,68,79.1,65.5,62.9,73,60.5,54.7,42,64.4,63.8
199610,48.7,62.7,54.1,78.5,54.6,60.9,56.4,71.1,56,50.1,63,47.7,44,16.8,53.5,62.1
199611,34.1,60.9,46.3,74.4,44.1,45.8,43,62,36.3,26.1,50.9,29.5,30.5,-2,40.6,57.2
199612,33.9,57,42.3,70.3,37.8,44.6,41.3,54.6,34,14.7,47.9,22.8,23.8,-13.5,39.5,54.4
199701,20.4,56.1,41.4,68.4,32.9,37.5,32.1,49.3,24.5,10.8,46.7,16.2,21.3,-16.2,29.5,52.5
199702,26.3,57.5,43.4,74.4,36,45.7,40,53.3,36.1,21,50.5,22.2,28.8,13,36.3,54.5
199703,28.2,60.4,47.3,76.4,46.7,53.8,41.9,63.4,43.8,30.7,61.3,29.9,36.5,4.6,37,57.3
199704,42.7,60.5,51.6,75.8,49,54.5,51.7,64.1,48.4,44.5,59,43.3,40.7,35.4,46.6,59.7
199705,52.7,67.7,62.9,80.7,64.1,63.4,59.3,74.1,57.2,54,66.1,50.1,54.9,49,56.4,64.7
199706,68.6,67.3,63,82.3,70.8,72.2,70.9,79.9,70.1,71,73.3,65.3,59.6,63.1,68.4,63.9
199707,70,67.8,69.2,84.2,75.7,79.9,75.7,85.2,75.8,72.2,80.9,67.4,65.7,64.8,73.9,64.8
199708,68.1,70.9,71.8,84.4,79.4,77,73.3,86.3,72,70.1,78,64.8,67.4,58.7,71.4,66.5
199709,59.8,73.5,66.2,81.6,68.5,72,67,82.4,66.5,63.8,74.8,61,58.7,49.7,64.5,68.7
199710,47.9,67.4,54,78.7,54.1,60,56.7,70.3,55,51.4,63.6,48.8,44.8,17.5,53.1,62.6
199711,36.4,62.8,50.1,74.2,42.8,45.7,44.5,57.5,39.4,29,50,33,33.9,10.6,41.9,58.7
199712,27.1,57.1,41.4,69,29.5,39.6,38.2,50.4,33.8,28,45.5,28.9,23.7,-7.1,35.5,52
199801,24,56.5,43.3,70.2,37.6,44.9,40,56.6,37,19.8,47.4,23.3,26.5,-13.6,34.2,53.7
199802,29,55.3,46.4,69.4,37.8,46.1,40.6,55.5,41.3,32.6,49.4,32.3,32.5,2.1,35.5,52.6
199803,35.6,59,49,69.6,42,49.6,45.4,59.9,42.4,32.9,52.7,34.1,37.9,18.4,41.8,55.2
199804,47.7,57.5,53,76.1,49.7,58.1,54,66.9,53.7,51.6,61.2,47.9,46.7,38.5,49.7,56.1
199805,63.3,59.5,56.5,80.8,60.2,71.7,64.3,80,67.5,65,74.1,61.6,56.1,49.9,60.6,56.6
199806,67.4,63.9,63.7,85.4,64.1,77.8,69.2,86.5,71.9,66.3,80.4,65.9,58.2,58.7,64.9,61.6
199807,70.2,68.6,71.3,84.9,81.3,79.8,76.5,88.2,75.3,73.5,83.2,70.4,72.2,62.7,74.6,63.7
199808,69.8,72.1,71.3,85,79.2,79.3,76.7,83.7,75.8,72.7,80.1,70.5,70.1,53,72.8,65.1
199809,62.8,69.2,67.2,83.3,69.7,77.3,70.2,80.6,71.9,67.8,76.6,64.5,63.6,46,66.6,65.2
199810,50.8,64.7,54.6,80.9,52.6,63.6,57.5,71.6,57.4,52,67.4,51.9,45.2,26.1,54.7,61.2
199811,40.9,59,49.2,76.4,44.4,52.4,48.1,62.5,45.9,38,58,40.4,36.2,4.9,44.9,55
199812,33.2,55.3,40.8,73.5,31.1,43.3,43.2,52.8,36.9,25.9,51.6,28.5,24.4,-5.9,39.4,47.8
199901,20.4,56.7,43.1,70.1,37.4,42.7,33.9,54.8,28.9,12.9,49.3,15.9,30.3,-17,29.8,50.1
199902,26.1,55.9,44,69.7,38.9,45.9,38.8,62,37.9,28.2,51,29.4,32.5,-16.8,33.9,51.2
199903,32.2,54.3,46.1,70.6,46.3,45.8,42.5,62.8,38.9,34.6,51.7,35,39.6,7.2,39.6,51.8
199904,46,56.2,51,77.9,47.1,62.8,53.5,71.4,55.4,49.5,66.4,46.9,42.7,32.7,49.5,55.4
199905,61.1,60.2,55.2,78.7,57.5,67.8,63.1,76.3,64.7,61.3,70.1,59.1,50.5,46.9,58.5,56.3
199906,71.8,62.7,61.5,80.9,70,76.7,73.2,82,74.1,68.5,76.1,66.4,58.5,61.4,71.2,60.4
199907,75.5,67.9,67.4,84.1,79.8,82.1,81.4,83,79.6,77.1,80.4,73.3,65.5,61.5,76,62.7
199908,69.4,66.5,69.3,83.7,78.8,79.6,75.5,86.3,72.8,71.3,83.1,66.5,68.7,57.9,71.6,64.6
199909,65.8,66,64.9,82.1,65.1,72,69,80.4,67.5,61.1,74.4,59.6,55.2,45.2,67.3,64.4
199910,47.4,67.7,55.4,79.3,56.1,60.1,56,69.8,55.7,49.6,63.7,47.2,45.7,19.5,53.3,63.4
199911,43.9,60.2,50.4,74.4,47.2,54.2,50.8,63.2,49.2,41.8,57.9,41,38.6,-4.7,48.3,57.9
199912,30,58.8,44.2,70.1,32.6,43.8,39.9,54.2,35,25.6,48.3,25.1,30.9,-12.8,37.6,51.9
200001,19.4,58.1,40.1,68.7,36.7,39.3,31.3,55.4,28.3,15.9,44.3,16.6,26.9,-9.9,27.8,53.3
200002,23.5,57.4,44,69.6,41.4,46.9,37.3,62.7,39.2,27.9,52.1,25.5,32.3,6.7,34.4,54.3
200003,37.8,57.5,45.9,75.1,43.6,53.3,47.2,67.2,47.4,41.1,58.6,40.5,40.9,17.5,43.6,55.2
200004,44,60.6,54.3,75.3,56,56.9,51,70.9,51.9,46.7,59.8,43.4,47.4,31.9,47.6,59.1
200005,58,63.9,57.8,80.3,63.3,70.1,63.5,78.7,65.4,60.9,74.2,57.9,53.2,44.4,57.5,61.1
200006,64.9,67.6,65.6,82.2,73.7,76.5,71.3,81.2,71.4,66.1,79.2,64.8,61.2,61.5,67.6,63.7
200007,68.7,68.3,68.1,83.9,82.4,80.5,72.3,86,73.5,72.4,82.6,68,69.2,59.6,70.2,62.2
200008,69,70.4,68.1,83.5,80.5,80,72.4,86.4,74,72.1,80.9,68.1,68.2,51.6,70.5,64.4
200009,60.1,69.3,64.2,83.1,66.1,71.5,66,81.1,65.6,61.6,72,59.1,55.2,41.7,63.8,67
200010,50.1,63.3,55.5,78.2,53.9,64,57,71.3,58.2,53.2,65.3,51.7,44.1,22.2,54.2,60.8
200011,38.5,57.8,43.1,73.6,33,48.2,45.3,57.1,41.1,31.2,52.2,34.9,27.7,8.6,44.1,53.4
200012,20.9,58.1,40.6,69,32.3,31,31.1,46.5,20.2,7.6,38.4,12.4,21.5,0.2,29.5,52.4
200101,21.4,54.6,41.4,63.3,28.9,35.5,33.6,49.3,28.4,20,42.9,21.4,23.3,7.8,30.2,49.6
200102,23.4,53.8,42.2,74.3,36,44.8,35.9,57.7,35,11.8,52.1,17.9,23.1,7,32,51.8
200103,28.5,57.5,48.3,73.6,47,45.5,39.6,56.7,38.9,27.4,51.6,29.9,38.3,9.9,35.6,56.5
200104,44.5,56.7,49.9,76.1,51.7,63.8,53.9,70.9,58.9,48.4,64.7,48.2,-99,33.3,49,54.4
200105,60,63.6,59.7,77.8,65.2,69,63.6,76.4,64.9,59.6,71.2,57.7,55.8,44.5,59.8,63.5
200106,68.5,67,61.3,82.8,72.5,73.6,72.9,82.7,70.6,69.1,75.7,66,58.7,61.1,71.4,63.4
200107,69.3,67.5,66.8,82.7,80.9,80,73.1,85.6,74.8,75.9,79.9,71.1,68.1,60,70.2,63.6
200108,73.9,68,69.5,84.5,80.6,79,78.7,85.7,75.8,74.1,80,71.1,70.7,57.3,74.2,64
200109,62.7,67.5,65.4,81.7,71.8,70.5,67.7,77,65.5,60.9,72.6,58.7,61.9,47.5,65.6,63.7
200110,52.4,64.8,53.8,79.2,56.6,58.7,58.5,68.1,54.8,48.6,62,47.8,44.7,22,56.5,63.2
200111,43.7,60.3,48.3,74.3,44.2,54.5,52.7,63.1,49.9,46.3,61.1,43.8,36.8,0.6,48.6,58.1
200112,33.9,55.3,42.2,73.4,27.9,45.1,44.1,53.9,38.6,27.6,51.4,30.6,26,-10.5,40.8,52.5
200201,28.7,55.1,41.5,69.6,27.6,42.3,39.9,54.1,35.5,24.7,48.1,26.4,27.6,3.5,37,49.9
200202,27.4,58.5,44.7,70.2,29.4,40.7,40.6,51,36,28.4,46.6,27.4,29.6,-0.5,36.6,54.1
200203,34.4,57.7,45.2,75.4,40.5,49.7,44.1,60.5,40.5,24.9,55.7,27.2,30.5,9.9,40.5,54.7
200204,47.4,58.6,52.5,78.6,53.2,62.2,56.1,73.4,55.2,45.7,66.1,45.3,43,23.2,50,57.6
200205,54.3,61.4,56,81.1,61.5,65.9,60.7,76.9,60.1,54.6,69.5,51,50.5,50.4,58,58.8
200206,65.5,65.4,64.9,81.1,73.4,77.1,71.4,83.6,74.2,71.1,77.6,67.2,60.5,58.2,66.8,62.3
200207,71.9,68.1,70.1,83.3,83.5,80.3,78.8,82.5,78.7,77,81.6,73.6,71.7,61.8,75.5,64.7
200208,72.6,67.2,69.6,83.6,77,80.2,77.7,85.4,77.8,70.9,81.5,68.1,64.3,54.6,75.5,65.2
200209,65.8,67.2,65,83.4,67.6,75.2,70.3,78.9,71.7,65.5,77.3,63,58.1,47.3,68.6,65.6
200210,47.7,62.4,54.4,81,51.3,61.6,55.2,70.8,53.7,41.8,66.6,44.1,41.2,31.7,52.6,62.1
200211,37.4,63.4,47.9,73.2,39.2,46.6,46,58,40.8,33,52.1,34.3,33.5,19.2,43.2,58.3
200212,26.6,55.9,43.7,70,37.1,40.7,36,54,33.4,26.2,45.1,26.8,29.9,4.9,33.4,53.4
200301,13.1,61.7,45.1,62.4,39.9,33,27.5,50.2,22.1,15.4,41.3,16.8,29.4,-3.3,24.4,54.7
200302,16.9,57.7,44.6,72.6,36.1,38.2,30.1,53.2,25.9,15.7,47.6,14.5,30.1,11,26.6,53
200303,31.4,58.8,49.3,78.6,46.1,52.2,43.1,60.8,43.7,31.3,56.9,30.5,39,8.5,37.9,56.7
200304,42.7,58,51.1,75.5,51.9,61.3,49.8,71.7,55.1,48.3,62.9,41.9,45.5,33.1,44.7,55.1
200305,56.9,60.7,57.6,81.5,62.9,67.4,58.7,80.5,61.5,57.7,70.2,53.5,52.3,47.2,55.3,59.7
200306,66.8,64.8,66.4,82.4,72.8,72.1,68.4,81.9,68.7,68.1,75.7,63.6,62.5,60.2,65.7,63.6
200307,72.7,71.1,71.9,84.6,85.1,78.4,75.7,82.1,74.5,73.7,79.1,68.4,73.2,60.7,74.6,63.8
200308,72.8,70.7,70.4,83.2,81.6,79.5,76.7,83.8,75.3,75.3,80.3,69.5,70.8,56.2,74.5,67.3
200309,64.5,67.4,67,82.4,67.4,70.3,67.9,76.8,65,62.5,73.3,60.8,59.9,41.8,66,67.7
200310,48.7,67.1,58.5,80.8,59.5,60.8,55.1,70.8,54.9,51.1,64.7,48.5,48.6,32,53.3,64
200311,41.1,59.2,45.5,76.1,38.9,53.7,50,63.2,47.7,32.1,58.8,36.5,26.9,9.2,46.1,54.7
200312,26.2,56.4,42.8,67.1,35.1,40.5,37.6,54,34.8,25,44.5,28.4,27,-9.1,36.3,52.8
200401,10.1,56.5,38.8,66.9,24,38.8,24.7,54.7,25.6,11.2,44.1,12.7,21.5,-15.9,21,51.1
200402,20.5,55.3,45.5,70.8,28.5,40.9,35,52.8,32.5,21.6,44.9,22,29.9,1.1,33.3,53.1
200403,36.1,60.7,51.5,72.9,49.3,53.5,43.5,66.1,45.8,36,59.6,35.6,42.3,6,39.7,60.2
200404,44.9,61.7,56.6,74,54,59.5,53.6,67.4,55.4,49.9,63.2,45.9,47.4,35.1,49.8,60.2
200405,59.4,66.3,60.4,79.7,61.9,71.9,65.2,76.3,67.4,56.6,74.2,54.1,51.6,52.2,59.1,61.2
200406,64.4,66.4,65.8,84.1,71.8,75.8,71.2,81,71.4,65.5,77.1,63.8,61.1,66.9,66.8,62.5
200407,71,69,71.8,84.5,80.6,77.8,74.5,83,73.5,72.2,80.8,68,70.8,64.5,71.3,65.7
200408,68.3,68.9,71.8,83.9,75.8,74.5,74.2,83.5,70.2,66.3,78,64.7,68.3,62.2,72.4,67.4
200409,62.4,72.2,63.1,82.7,66.9,72.3,69.3,80.7,69.5,67.4,73.5,65,54.8,38.8,65.5,68.2
200410,48.9,63.3,56.6,79.3,55.4,64.6,56,77,56.4,50.1,68.3,50.5,45.5,29.6,54.1,61.6
200411,38.4,58.6,46.1,75.2,40.6,53.8,48.2,61.3,47.2,37.7,57.6,39.5,34.1,7,44.6,56.1
200412,-99,56.9,43.5,68.8,34.3,40.2,38.4,53.3,32.2,22.6,45.8,23.7,30.3,-3.4,35.3,53
200501,16.6,57.1,42,68.1,36,43.6,31.3,56,31.1,15.6,48.1,17.5,22.6,-9.1,27,50.5
200502,23.2,57.8,43.8,68.7,36.5,45.1,36.5,56.4,36.7,26.4,50.1,26.5,31.5,-2.3,31.4,55.8
200503,29.7,58.2,50.3,71.3,44.3,47.8,39.5,61.5,38.7,31.8,53.4,27.6,40.4,19.6,35.5,58.1
200504,47.9,59.6,52.6,73.7,52.1,60.3,55.1,68.5,55.5,51.9,61.6,47.9,44.9,32.2,50,57.7
200505,53.7,63.6,60.4,79.3,60.9,66.7,58.9,75.1,60.6,56.4,68,54.5,53,55.6,52.5,62.3
200506,72,64.6,62.3,81.4,68.3,76.8,74,82.7,75.2,73.4,76.6,71.5,57.7,61.5,68.6,62.8
200507,73.9,68.3,70.6,85.3,82.4,81.5,77.5,85.4,76.9,76.8,80.7,70.9,69.6,62.2,73.5,65.2
200508,72.4,69.2,71,85.3,78.6,82,79.7,85.9,77.1,71.7,80.8,69.4,68.2,57.3,74.7,64.3
200509,64.9,67.2,62.8,83.3,67,75.6,73.3,84.4,70.9,66.3,77.5,64.8,57,46.3,68.1,63.2
200510,51.4,64.6,56.6,79.5,56,61.3,57.9,71.1,56.8,52.3,65.3,52,47.2,27.4,55,62.1
200511,41.7,63.5,44.3,75.6,43,52.3,49.6,65.1,44.9,36.6,56.1,37.4,32.2,-5.1,46.1,58.1
200512,25.4,58.7,40.1,69.5,33.1,37.9,35.3,53.2,27.6,19.5,42.8,20.2,20.1,0.9,32.7,53.9
200601,29.5,57.7,45.8,69.4,35.9,46.7,40.9,58.4,40.2,28.6,50.3,31,33.6,-22.1,36.8,52.4
200602,24.8,58.6,42.3,67.6,35.1,41.1,35.7,56.1,32.7,20,45.1,19.5,27.5,5.6,31.2,53.7
200603,33.2,54.4,46.4,72.2,43.2,50.5,43.1,67.7,42.1,33.6,55.1,33.5,36.3,3,38.9,51.9
200604,47.2,59,53.4,77.4,54.8,65.7,55.7,76.9,57.5,53.5,66.8,49.8,46,29.5,50.1,56.4
200605,59.5,64.1,60,79.6,64.7,67.2,63.1,78.9,61.7,61.9,70.8,58.3,54.4,49.7,57,60.6
200606,67.6,68.8,66.6,82.9,74.8,76.2,71,83.8,70.9,71,78.1,66.1,63.6,58.1,68.1,64.1
200607,74.6,73.9,71.3,83.1,84.6,81.4,78,85.9,77.1,79.6,82,73.8,72.8,61.3,75.9,66.6
200608,68.6,70.4,69.5,83.9,78,82.1,75.8,88.5,75.5,72.1,81.9,68.1,66.3,54.4,71.4,64.3
200609,61.5,68.5,65.4,82.9,65,71.6,66.6,79.8,64.6,59.6,72.8,58.4,57.8,49.5,64.6,63.2
200610,48.2,65.5,54.3,80.3,52.1,59.7,56.3,72.6,52.4,46,62.7,45.5,44.2,31.7,54.3,61.3
200611,44.1,63.2,47.7,73.1,42.5,51.7,51.9,64,45.9,36.8,54.4,39.8,35,-9.9,49.1,56.4
200612,34,56.9,40.3,74.6,32.3,46.6,43.6,54.5,39.2,29.1,50.8,30.9,25.4,-2,41,51.2
200701,22.6,54.1,38.4,72.6,22.7,41.9,37.5,48.4,33,19.7,46.8,23.5,24.8,-6.6,32.7,48.9
200702,15.5,57.1,44.5,69.4,38.4,37.3,28.3,55,20.2,13.5,45.9,15.7,32.4,-6.7,26.2,53.2
200703,29.9,59.6,50.4,74,47.9,58.4,42.2,65.2,49.4,38.4,60.9,36.3,42.4,-6.5,37.4,56.8
200704,44.2,59.7,52,75.2,54.1,57.5,50.3,65.3,51.3,47.2,60.9,45.1,45.7,37.6,45.2,56.9
200705,58,61.7,58.9,78.7,64.6,71.3,65.2,75.7,68,64.1,72.3,60.2,54.6,51,61.4,59.7
200706,69.3,64.4,63.1,81.6,74.8,78.1,71.4,80.9,74.2,72.7,80.2,67.9,62.6,61.6,68.5,62.2
200707,70.3,69.5,71,84,85.5,80.1,75,80.6,73.9,76,79.1,70,77.8,64.4,72.9,65
200708,70.4,71,68.6,85.1,82.2,87.1,74,83.8,79.5,72.1,86.3,69.8,67.6,60.5,72.7,65.2
200709,64.1,67.9,62.7,83.3,68.3,76,70.3,80.4,71.2,64.8,76.5,63.1,57.3,47.1,67.6,65.1
200710,55.4,65.9,53.4,81.6,53.5,65.6,63.6,73.3,61.6,54.3,66.6,55.3,45.4,21.2,59.2,60.7
200711,36.9,61.1,45.1,74.5,43.5,49.9,45.4,62.9,43,34.5,53.9,35.3,31.9,11.5,43,56.6
200712,26,55.5,41.2,74.5,28.5,46.5,37,56.3,33.7,16.6,51.4,22,27.3,-3.4,32.4,50.3
200801,26.3,55.5,39.1,69.9,25.5,37.2,36.5,52,28.2,13.2,42.9,17.5,21.6,-9.2,33.4,49.2
200802,23.6,56.4,45.2,73.9,34.8,43.1,35.8,61.8,29.4,15.2,48.9,16.3,33.7,-5.9,32.5,52.5
200803,29.8,59.7,45.7,74.2,42,50.4,42.6,64.7,40,28.3,54.7,28,35.8,15.4,38.2,54.5
200804,50.4,62.3,48.8,76.4,47.8,58.3,55,70.8,53.4,44,61.9,46.6,40.8,29.5,49.4,56.2
200805,55.3,63.7,59.2,81,59,67,60.1,80.3,59.3,56.3,70.2,54.4,53,49.9,57.7,59.6
200806,69,68.1,62.1,82.9,71.5,78.2,74,87,72.7,68.7,80.5,67.6,59.2,60.2,70.3,62.4
200807,72,69.5,69.1,82.5,83,79.7,78.4,84.2,74.5,75.5,80.5,71.2,69.5,60.6,75,63.6
200808,68.3,69.6,69.9,83.6,79.4,79.1,73.8,84.5,73.4,72.4,78.9,69.3,67.9,55,70,65.2
200809,62.6,68.3,65.5,83.1,68.1,74.1,68.8,79.6,69.6,63.6,75.2,61.6,56.3,46.6,65.3,65.8
200810,47.9,68.5,53.9,77.9,54.7,60.4,55.1,71.6,55.6,50.4,62.7,48.8,45.4,15.1,53.3,64
200811,39.5,63.7,49.5,70.8,44.5,47.1,45.8,63.8,41.2,34.7,50.8,35.1,38,-1.4,43.4,58.7
200812,26.1,54.5,37.7,71.2,31.6,41.4,38.1,55.2,30.3,13.5,49.7,15.4,21.3,-7.8,35.7,49.7
200901,15.4,59.7,40.3,67.2,32.2,35.9,27.9,54.7,22.6,8.3,45,8,24.6,-12,24.9,52.2
200902,24.5,55.9,41.6,67.5,37.8,44.6,36.7,63.1,33.4,20.8,47.8,21.9,30.3,-1.5,32.9,52.9
200903,33.7,57.4,45.6,72.2,43.6,52.8,42.4,65.3,46.8,32.2,55.4,31.4,33.7,5.6,37.5,54.6
200904,47.4,59.8,52.6,76.6,50.4,59.7,54.5,70,53.4,47.6,61.3,44,43.8,31.2,50.5,57.2
200905,57.8,63.5,60.4,79.7,63.1,68.4,62.5,79.6,63.2,60.8,71.5,55.6,53.5,51.5,59.5,60.2
200906,65.7,64.6,66,82.9,68,78.7,67.5,86.5,73,67.7,80.4,64.9,60.8,60.2,63.3,63.8
200907,69.6,68,73.9,83.8,80.6,76.5,72.6,88.9,70.5,70,79,65.8,69.3,66.5,70.5,63.1
200908,71.2,68.5,70.2,84.9,77.1,77.9,75.7,88.5,72.6,69.4,79.8,66.3,67.2,54.5,73.6,66.5
200909,60.6,69.6,66.4,83.4,72.2,73,66.3,78.6,68,66.5,74.2,61.7,62.1,48.5,63.2,67
200910,47.2,64.7,55,81.4,50.9,57.6,55,70.1,51.1,43.2,62.6,44.7,39.8,30.7,51.8,62.2
200911,43.1,61.2,48,75.3,42.6,52,51.1,60.8,46.9,42.7,56.1,42.2,34.6,-1.2,48.8,55.3
200912,26.8,55.9,35.9,72.4,25.2,40,35.9,48.4,30.6,17.3,43.7,20.9,19.5,-2.8,33.2,50.5
201001,23.3,58.1,45.4,63.2,30.6,33.7,32.5,49.9,24.2,13.1,39.8,18.6,28,-13.7,29.6,51.7
201002,27.3,57.1,46.9,63.7,38.2,35.1,33.1,49.5,25.6,19.7,40.9,23,33,2.8,33.2,54.3
201003,39.3,59.5,48.5,65.8,44.3,49.5,48.2,59.5,45.4,41,52.5,38.2,39.8,10.8,43.9,54.5
201004,50.5,58.1,51.2,75.1,50.5,63.5,57.9,68.7,59.2,54.9,65.3,50.8,44.3,39.4,53,55.4
201005,61.4,60.6,55.3,81.6,54.8,70.9,65.3,77.6,65.6,60.7,74,59.3,49.5,54,62.8,57.7
201006,66.6,64.3,60.7,85.5,70.1,81.6,74.7,83.7,75.5,69.3,82,65.8,59.1,59.8,70.3,62.9
201007,74.8,65.4,67.8,84.9,80.6,83.1,81.3,84.2,78.3,76.3,83.1,73,67,62.7,77.2,61.9
201008,71.4,65.5,68.4,85.1,77.7,82.6,77.4,87.7,79.1,77,83.1,73.1,66.6,59.9,73.4,63.1
201009,64,66.5,64.7,83.5,70.3,74.1,71.1,80.2,70,60.2,78.3,58.7,57.9,47.1,68.6,66.3
201010,49,65.2,55.4,79.6,58.3,62.2,58.1,70.4,57.7,54,65.6,50.7,47.9,27.5,55.6,62.5
201011,38.9,61.1,45.2,73.8,39.8,51.6,47.9,62.2,44.3,35.3,54.9,37.9,29.4,11.9,44.8,55.8
201012,24.8,57.8,42.9,61.4,35.1,35.1,32.8,54,25,16.4,38.6,20.6,21.1,-17.9,32.7,54.2
201101,19.5,58.8,42,66.9,29.2,35.1,29.7,50.8,23.4,12,40.5,14.4,26,-6,27.6,51.3
201102,22.4,55,40.6,72,35.7,44.3,36,55.6,33,18.8,50.3,20.4,23.1,-6.5,30.5,51.4
201103,31.1,57.6,46.4,74,44.9,52.1,42.3,67,43.2,29.5,56.1,28.9,37.3,7.3,38.9,54.5
201104,46.7,61.4,48.2,80.1,47.2,63.2,54.3,75.7,55.3,46.2,65.6,42.6,40.4,31.8,50.1,57.5
201105,60.5,62,54.4,81.6,54.7,67.5,64.5,79.1,63.4,58.4,71.2,55.2,51.4,52.4,59.2,58.1
201106,67.4,63.4,62,84.1,67.9,78.9,72.3,86.4,73.2,69.5,81.6,65.2,57.5,60.4,67.1,61.6
201107,74.1,68,67,84.7,80.1,83.3,80.3,88,81.6,78.8,82.7,75.5,66.8,61.7,77.1,63.7
201108,71.7,67.3,70.2,84.6,80.6,80.8,75.3,90.1,76.5,73.6,83.3,69.6,69.9,57.4,73.9,63
201109,65.4,66.6,67.7,83.8,71.1,69.5,70,83.3,65.5,62.9,73.5,58.2,61.6,48.9,67.3,65.5
201110,51.4,64.1,55.8,78.5,56.3,58.9,57.1,71.2,55.3,55.3,62.5,51.8,46.3,28.9,57.5,63.9
201111,44.2,58.7,45.2,75.3,40.9,52.3,51.9,63.1,48.3,39.2,56,39.6,30.8,-8.2,50.4,54.7
201112,31.6,54.6,39.4,73.2,30.5,44.2,43.3,54,37.4,27.8,50.8,29.6,25.6,4,40,50.1
201201,25,59,41.1,68.6,34.3,43.6,37.3,56.3,33.3,23.3,49.4,24.1,28,-26.9,34.1,51.4
201202,28.8,56.7,43.7,72.8,38.4,46,40.9,57.6,36.8,27.7,51.6,29.7,29.7,5.9,37.3,53.2
201203,43.7,56.8,45.3,75.3,49.2,61.4,50.9,66.5,56.1,48.3,64.8,46.8,39.5,4.5,46.7,54.1
201204,46.5,59.3,53.3,75.9,55.3,62.3,54.8,74,54.1,50,66.1,46.7,47.9,36.9,53.1,57.8
201205,62.1,62.7,58.3,79.8,62.5,73.1,65.1,78.3,68.3,63.7,74.2,61.5,51.2,47.9,60.3,59.3
201206,68.2,64.9,61.5,82.6,73.7,77.4,71,84.9,74.2,72.3,77.7,70.9,59.5,61.6,66.8,62.3
201207,73.5,66.3,68.3,83.4,82.6,83.8,78.8,85.5,83.5,80.2,84.1,76.6,71.8,60.8,75.3,63.3
201208,72.5,71.9,71.4,83.8,81.9,78.1,76.7,87.4,74.4,72,79.3,69,69.1,56.3,74.6,62.5
201209,62.3,71.9,66.3,82.7,70.7,71.3,68.8,79.7,65.5,63.9,74.6,58.9,60.2,45.5,64.7,61.5
201210,53.4,68.6,56.3,79.4,55,58.7,58.1,70.9,53,47.5,63.8,47.4,44.3,22.5,56.5,64.2
201211,37.3,62.3,49,71.4,45.7,47.9,43.9,63.4,41.7,37.1,53.1,37.2,36.4,-8.8,42.1,59
201212,31.3,56.2,43.1,71.9,34.7,47.5,41.5,57.3,38.7,23.4,51.4,29.2,28.5,-17.2,38.4,52.7
201301,22.3,56.1,38.1,73.2,20.1,42.3,35.1,54.1,30.2,17,50.2,19.7,22.1,-2.7,31.5,49.5
201302,24.4,55.8,44.7,71.7,30.1,42.8,33.9,59.2,31.2,19,46.9,19.6,33.2,-1.4,31.1,51.7
201303,33.3,58.8,49,68,45.9,45.2,40.1,62.9,35.8,27.2,49.4,26.9,38.2,7.1,37.7,55.5
201304,45.3,61.8,52.7,78,49.9,59.5,53,67.8,52.8,41,62.4,41.5,42.7,18.1,48.9,59.3
201305,61.2,66.2,60,78.9,63.1,67.7,62.8,75.9,65.6,58.3,68.4,56.8,55.1,44.3,58.8,61.3
201306,67,67.6,65.7,83,75.8,77.1,72.7,83.5,72.2,68.9,77.8,66.3,61.6,66.8,69.6,63.6
201307,74.2,68.6,70.3,82.4,84.6,77.8,79.8,84.9,74.2,74.9,77.8,71,73,64.3,77.1,63.7
201308,69.9,68.3,71.5,83.9,83.2,77.9,74.6,87,75.2,74.7,77.8,69.1,70.7,59.4,72.2,65.3
201309,60.7,69.8,65,82.8,70.8,73.1,67.9,82.2,69.8,67.2,74.7,61.4,61.3,43.8,64.7,66.4
201310,52.2,65.4,53.8,80.6,52.9,61.8,60.2,72,54.9,49.2,64.7,49.6,42.3,36.2,56.7,61.1
201311,36.1,63.7,46,77,44.9,46.3,45.3,59,39.5,33.3,50.9,34.8,33.8,6.2,42.7,57.9
201312,24.2,58.6,36.7,75.1,25.2,41.3,38.6,51,30.3,12.6,48.5,15.6,23.3,-4.3,33.4,50.6
201401,18.6,61,41.7,67.9,31,32.5,28.7,50,20.5,8.1,37.4,9.3,29.7,7.8,27.6,54.9
201402,20.5,59.4,40.7,74.2,42.6,39.3,31.7,55.7,22.7,8.8,47.6,8.7,20.6,-4.2,29.1,55.4
201403,22.4,62,49.4,73.7,49.5,47.3,37.7,59.2,36.1,25.7,52.8,23.5,37.2,14,33.5,58.8
201404,44.8,62.3,54,77.5,52.4,61.2,52.3,70.3,53.3,42.7,63,42.1,44.8,34,48.1,59.6
201405,59.1,68.6,61.5,80.7,62.2,70.4,64,75.3,63.4,58.6,71.5,57.1,54.7,51.3,58.7,63.3
201406,68.4,67.2,64,81.5,70,77.9,72.5,82.4,72.9,69.5,78.5,67.8,59.6,58.4,68.3,63.2
201407,71.6,71.5,72.1,83.9,81.8,76.8,76.2,84.7,70.4,71.5,78.3,67.9,72.4,61,74.1,66.5
201408,69.1,70.9,73.4,84.9,74.8,79.6,74.5,87,74.1,73.3,79.3,68.7,68.5,59.1,70.8,66.8
201409,62.2,72.6,67.9,82.5,70.4,73,69.7,80.7,65.7,62.7,76.1,59.2,59.2,46.4,66.2,67.2
201410,53.7,69.6,60.4,79.8,57.8,61.8,59.6,74.9,54.4,49.2,66.5,48.5,50.7,25.3,56.4,66
201411,38.5,64.6,46.7,72.6,41.8,44.1,45.3,56.4,36.2,25.6,49.4,29,30.2,10.9,42.5,59.3
201412,30.3,57.8,44.4,71.3,37.8,43.3,40.6,55.7,33.7,24.4,50.4,26.5,27.2,8.2,38.3,57.5
201501,16.2,59.5,43.8,70.8,34.8,37.7,30,48.6,25.7,19.2,43.5,18.2,26.9,-6.3,26.2,53.8
201502,7.8,60.7,49.5,68.4,44.4,32.6,24.1,52.2,20.6,11.3,40.7,10.7,35.4,1.1,19.1,58.7
201503,26.5,64.1,52.7,76.7,50.2,50.6,38.1,60,39.6,35.6,57.9,34,42.3,15.6,33.3,60.3
201504,44.8,61.9,53.1,80.3,52.8,62.1,54.3,70.7,54.7,49.7,66,46.4,44.9,36.9,48,59.2
201505,63.6,60.7,61.4,80.9,60.4,70.9,68.5,75.4,67.1,59.2,73.4,59.4,55.3,55.3,62.3,58.6
201506,64.9,66,70.6,83.6,77.5,77.9,71.2,80.7,72.8,69.7,79.9,65.7,68.6,59.8,64.7,62.9
201507,71.7,69.9,74.2,84.6,77.4,80.8,78.8,84.7,74.9,73.3,81.6,70.3,69.4,62.2,73.9,66.8
201508,72.3,72.4,72.7,84.7,77.6,77.3,79,86.4,73.1,70.7,80.2,68.5,68.1,54.6,74.6,68.1
201509,67.4,74.8,64.3,83.3,70.8,74,74.4,82.5,70.8,67.9,73.9,66.7,57.7,42.4,69.2,67.2
201510,47.8,73.6,60.4,80.5,60.5,61.9,58.1,75.4,57.2,52.1,64.4,50.5,49.6,31.9,54,65.7
201511,43.5,61.9,45.6,78.4,39.8,55.7,52.8,62.7,48.3,41.4,58,42,30.1,9.2,48.6,54.4
201512,39.2,57,43.8,77.2,31.4,53.1,50.8,57.8,42.9,30.3,57.9,35.1,26.2,-2,45.3,50.6
201601,25,56.6,42.9,67.4,30.5,37.4,34.5,51.5,29.3,17.7,42.8,19.8,25.2,3.7,32.6,52.8
201602,26.4,62.7,49.6,68.5,37.1,44.1,37.8,59.5,35.1,25.1,48.9,24.2,36,8.1,34.8,57.1
201603,36.8,60.1,50.6,76.5,47.2,56.1,48.9,66.1,49.5,41.3,60.8,37.4,40.5,20,42.5,57.8
201604,41.6,63.2,58.1,77.1,55.1,62.4,53.3,70,54,48.1,64.4,42.9,51,42.5,47.1,60.4
201605,59.5,62.4,62.5,80,61.7,67.7,62.8,75.3,62.6,61.3,71.5,58.3,54.8,53.4,58.6,61.2
201606,67.5,66.5,66.4,83.5,77.5,79.4,72.2,82.3,74.8,71.3,81.3,67.7,63.9,60,68.4,63.5
201607,72.9,71.3,69.4,84.7,83.1,82.5,78.7,87.2,76.8,75.2,83.7,71.4,67.4,63.4,76.1,63
201608,73.7,70.2,72.2,83.8,80.2,81.6,79.2,84.1,78.5,73.3,83,71.2,67.2,61.1,76.4,63.9
201609,65.7,70.7,63.6,83.4,67.3,76,71.8,82,71.5,66.1,79.1,64.8,56.9,46.3,67.5,64.9
201610,51.8,67.9,56.7,80.7,58.3,67.7,58.8,74.6,61,52.9,69.9,53.2,46.5,26.9,55.3,63.5
201611,41,64.5,52.6,74.6,47,55.3,49.8,66.7,48.4,44.1,59.2,44.6,38.6,3.8,46.2,58.4
201612,29.1,57.8,37.6,76.3,29.6,42.9,38.4,56,30.7,21,49.2,24.5,19.8,-8.2,35.3,50.8
201701,29.8,55.4,33.9,71.4,27.3,47.1,38.1,57.7,35.3,21.1,52.4,23.6,14.7,-9.3,35.2,50.7
201702,29.9,56.8,41.1,73.9,40,51.3,41.7,64.4,43.6,31.3,56.4,29.8,29,0.8,36.7,54.6
201703,27.5,60.7,47.9,73.3,50.2,53.5,39.2,67.7,44.2,34.1,58,31.8,41.1,-2.8,34.1,57.1
201704,49.5,63.3,51,77.9,50.3,65.9,57.1,71.3,59.6,50.5,68.1,48.6,45.1,36.1,51.7,58.6
201705,56.9,62.9,60,81.6,62.5,69.4,61.1,75.9,62.6,58.5,71.4,55.1,55.1,49.8,56.3,61
201706,67.2,66.4,65.7,83,76,76.2,72,83.5,72.3,71.3,76.9,67.7,63,62.8,69.5,63.3
201707,70.6,70.9,70.3,85,85.3,81.4,76.8,87.8,76.2,75.3,81.5,70.6,74.3,65.7,72.5,64.4
201708,69.4,71.2,73.9,85.1,81.3,77.7,74,84.8,73.1,68.7,79.5,65.6,70.3,58.8,72,66
201709,65.7,70.7,66.9,84,66.9,71.7,70.5,79.6,69.8,67.3,74.1,63.9,57.6,48,67.1,69.9
201710,58.6,70.6,54.6,80.5,52.4,62.6,64.1,70.7,58.3,51.4,66,52.9,43.2,31.3,61.4,64.3
201711,37.6,64.7,47.6,76.1,47.8,52.2,46.7,66.8,44,34.2,56.5,35.5,34.7,5,43.7,58.2
201712,22.5,60.5,40.2,71.3,33.1,40.3,35.1,53.1,30.3,19.1,47.2,18.9,24.3,9.1,30.7,52
201801,20.2,61.1,45.6,67,39.1,36.2,31.8,49.6,25.2,16.8,40.8,20.1,30,-5.8,28.7,53.6
201802,30.8,57.6,42.5,76.4,38.7,50.2,42.1,58.7,37.8,16.1,57.7,21.3,25.7,2.8,38.1,55
201803,31.4,57.8,47.2,71.1,46.5,50.5,40.2,67.3,39,32.5,53.8,31.5,37.7,15.7,37.3,55.3
201804,41.1,61.2,53.8,77.8,54.8,55.3,49.5,68.2,47.2,37.7,60.1,35.4,44.2,31.4,45.4,58.4
201805,62.2,62.1,63,79.5,64.5,75.5,66.9,80.7,72.6,67.8,75.2,62.3,59.1,49.7,62.1,60.7
201806,65.9,66.2,65.7,83.5,74.6,79.7,71.7,86.6,75.5,72.7,80.1,67.7,60,58.8,67.7,63
201807,76,73.7,74,84.6,83.1,81.7,77.6,86.4,77.1,75,81.2,71.7,69.1,63.9,75.9,-99
201808,74.5,73.9,72.2,84.3,77.7,80.1,78.1,86.8,75.9,73.9,80.1,70.1,67.4,55.5,76.7,63.2
201809,65.8,69.3,64.4,83.7,70.8,77.3,70.7,79.6,71.3,65.1,81.3,62.9,57.4,48.2,67.7,62.5
201810,48.6,67.9,56.6,82,53.2,63,57.7,70,55.9,45.8,67.8,47.2,44.9,34.6,53.3,63.1
201811,33.7,64.2,48.1,77.2,39.1,46.5,44.4,56.9,37.9,28.3,50.6,31.3,32.9,11.9,41.7,57.3
201812,26.9,57.9,44,72.2,31.8,45,40.2,54,36.5,26,48.6,28.9,27.1,0.2,36.3,52.9
201901,17.5,56.7,43.2,68.6,31,40.1,32.6,52.4,27.5,14.5,45.9,16,25.8,-6.7,29.5,55.4
201902,22.3,52.8,37.6,75.8,34.8,48.9,36.3,57.8,33.9,13,53.8,18.8,18.2,5.6,32.5,50.4
201903,30.5,58.7,46.7,74.5,42.8,49,41.8,60.9,38.3,28.6,55.4,29.2,28.9,27.7,37,55
201904,45.5,61.8,54.3,78.2,52.5,62.1,55.5,68.8,54.1,46.2,65.3,44.3,45.9,37.1,50.3,59.3
201905,54.9,61.3,62.2,81.1,58,72.8,62.2,77.3,64.2,55.6,76.4,54.4,55.4,53.9,56.6,59
201906,66,65.6,65.7,84.3,70.4,77,71.7,81.9,71.2,69.8,77.7,64.9,61.8,63.5,67.3,65.6
201907,74.9,68.6,70.3,85.5,82,81.4,79.6,85.1,78.2,75.4,82.2,73.2,67.7,66,76.8,65.2
201908,70.2,69.6,71.8,84.4,80.3,80.3,75.5,88.8,74.7,71,82.5,67.9,68.5,55.6,73,68.8
201909,62,72.6,64.4,85.2,67.9,80.4,70.4,86.1,73.7,66.7,82.4,64.3,58.1,48.5,65.8,68.5
201910,52.1,69.3,51.5,83.5,46.5,63.7,59.9,71.7,56.5,46.1,68.4,47.4,38.2,31.8,55.8,64.5
201911,33.1,62.8,46.8,76,41.9,46.1,43.9,58.9,37.7,30.9,52.5,31.1,32.3,13.4,41.1,56.8
201912,27.5,58,43,73.5,34,48.4,38.4,55.7,37.1,23.3,51.2,26.2,29.3,-5.2,35.1,53.9
202001,26.2,58.7,45.8,71.5,35.8,45.1,39.2,58.2,35,20.7,49.2,26.5,31.7,-21.2,36.3,52.5
202002,25,60.2,44,73.1,35,44.9,40.2,55.4,33.4,21.3,49.9,20.4,30.6,-5.8,36.1,55.7
202003,37.4,59.1,46.4,77.2,46.5,55.9,48,69.2,46.2,37.7,61.6,34.7,37.7,9,43.3,55.3
202004,43.5,62.8,54.5,81.9,53.3,58.1,50.3,69.8,50.8,45.2,61.6,42.4,44.6,30.6,45.4,58.2
202005,57.9,66.1,60.4,79.4,64.7,66.8,60.3,78.6,60.7,58.7,68.8,55.2,53.5,53.3,58,62.9
202006,69,67.4,64.2,84.4,70.1,77.5,73.7,83.1,73.7,72.8,76.9,68.1,59.9,59.8,69.5,65
202007,76.8,67.7,70.2,85.9,81.1,83,80,88.5,78.4,76,82.1,73.9,66.9,61,76.7,64.2
202008,71,71.5,71.1,85.3,83.1,79.6,76.9,88.1,74.1,73.1,80.9,70,68.9,59.7,75.3,67.4
202009,62.1,70.8,67.4,83.8,69.4,72.6,68.8,78.9,67.8,61.3,73.8,59.6,59.2,47.6,65.4,68.6
202010,50.2,69.6,56.1,82.2,56,62.4,57.9,72.3,54.7,43.6,67.3,43.5,42.3,27.5,56.2,66.7
202011,43.4,60.3,46.4,77.5,42.5,53.9,53,65.8,48.2,38.7,58.9,41.8,33.8,2.2,49.2,55.5
202012,31.4,58.6,43.9,69.4,30.1,41.8,39.3,54.5,34.8,25.4,46.2,28.3,27.9,0.4,37.2,53.3
202101,23.1,57.7,44.8,68.6,33.1,42,34.8,53.3,31.1,22.2,46.2,23.2,30.2,-1.3,32.7,53.3
202102,22,57.8,41.9,74.4,36.5,38.5,34.2,49.4,26.1,11.8,48.7,14.7,24.8,-9.1,31.6,55.3
202103,35.2,56.6,47.2,74.5,44.7,55.7,45.9,64.9,46.9,40.6,59.1,37.8,38.9,6,41.8,54.9
202104,48,60.9,55.1,77.4,51.3,59.1,54.6,70.6,53.2,47.7,62.9,47.2,44.5,26.7,49.8,57.7
202105,58.9,62.3,60.1,81.3,62.7,66.7,62.9,75.5,60.9,60.2,69.7,56.8,51.5,51.9,59.1,60.1
202106,71.8,65.6,70.7,82.8,80.2,78,74.3,82,74.1,76.8,77.6,71,66.6,63.1,72.3,63.1
202107,69.6,68.8,73.1,83.8,85.7,81.1,76,82.3,74.9,76,79.9,70.4,74.9,64.8,72.3,64.4
202108,74.4,69.7,72.5,84.8,76.8,80.6,77.6,85.4,77.5,74,80.3,71.1,67.2,56.8,76,66.5
202109,64.5,68.4,66.4,82.7,70.3,72.6,70.3,82.1,70.2,66.5,73.9,62.7,58.8,44.1,67.7,66
202110,55.7,65.7,54.8,80.9,53.2,66.3,62,73.3,60.9,55.6,67.2,55.3,47.4,30.9,59.9,62.9
202111,38,63.7,50.4,73.2,45,47.9,46.3,61.1,40.5,37.1,52.9,35.9,37.8,0.8,44.7,58.7
202112,31.9,55.3,41.2,74.4,34.8,53.4,43.8,64.2,42.1,24.6,56,28.3,28.5,1.6,39.3,51.1
202201,14.2,59.3,41.8,69.1,32,37,30.4,50.5,25.7,10.9,44.5,13.9,22,-7.5,27.5,53.6
202202,23,59.9,43.6,73.4,33.3,43.6,37.4,50.1,31,14.6,51.7,20.1,28.1,0.1,33.2,54.6
202203,35.2,60.9,49.9,76.4,46.2,54.5,45.3,61.9,45.5,31.9,58.1,32.2,40.5,13.5,41.5,56.2
202204,45.8,63.1,49.7,78.8,50.2,59.9,52.8,74.3,51.5,41.1,63.2,42,40.3,28.4,50.1,57.7
202205,62.2,63.7,56.9,80.8,58.4,72.1,64,83,66.1,61,73.9,60.9,51.8,48.7,60.6,60.5
202206,66.7,68,65.1,82.9,73.8,80.3,71.4,87.7,74.4,73,81.1,69,61.2,62.6,67.9,64.8
202207,73.3,69.6,73.8,85.8,84.6,83.9,79.6,89.8,78.1,76.3,81.6,71.7,72.9,63.4,77.5,64.3
202208,73.2,72.2,75.1,85.7,80.4,80,79.3,86.8,75,72.5,79.5,70.5,73.8,59,76.7,67.5
202209,62,74.8,69.5,83.5,73.1,73.4,69.5,82.5,68.1,66,74.6,62.8,62.5,47.8,65.2,69.2
202210,52.3,68.2,61.4,79.3,55.9,60.6,56.9,72.3,54.5,51.8,62.4,51.1,50.2,28.5,56.6,62.5
202211,43.5,60,43.7,78.9,35.5,51.9,50.9,60.3,44.4,35.2,56.7,38.4,24.5,9.3,49,53.6
202212,31.7,57.1,39,72.2,32.1,43.2,38.5,55.4,33.4,18.1,47.6,24.6,22.6,-4.3,37.4,51
202301,29.3,54.9,43.3,72,32.1,46.8,43.5,57.2,37.1,20.4,51.7,26,25,0.1,37.9,53
202302,26.2,54.5,41.3,75.8,34.6,51.3,41.1,57.7,40.2,21.2,57.1,25.8,26.4,0.5,35,50.3
202303,33.3,53.9,45.2,76.9,38,52.5,44.7,66.7,42.3,29.2,58,29.2,34.4,11.4,40.8,51.9